customer_id,full_name,total_spent,transaction_count,days_since_registration,avg_order_value
CUST0001,Danielle Johnson,2401980.88,13,1003,66721.69
CUST0002,Linda Wolfe,1193089.82,5,1058,70181.75
CUST0003,James Jones,1640452.92,10,852,68352.21
CUST0004,Steven Nelson,2066805.66,10,935,60788.4
CUST0005,Julie Ryan,1538729.2,11,939,51290.97
CUST0006,John Tran,2069713.89,12,1029,57492.05
CUST0007,Sandra Sellers,1546498.2,8,832,55232.08
CUST0008,Allison Obrien,1709412.11,11,957,56980.4
CUST0009,Adrian Zimmerman,1629852.67,8,784,67910.53
CUST0010,Collin Jordan,1810689.2,12,991,48937.55
CUST0011,Brent Kidd,2805017.17,12,986,68415.05
CUST0012,Jennifer Moore,1112172.79,5,891,69510.8
CUST0013,Michelle Powell,2341903.43,13,1085,66911.53
CUST0014,Charles Lewis,1480265.2,9,1044,61677.72
CUST0015,Cassandra Robbins,1334632.08,8,1045,53385.28
CUST0016,Mary Aguilar,1017087.52,6,753,53530.92
CUST0017,Angel Doyle,2984569.23,14,1002,71061.17
CUST0018,Michelle Rasmussen,2067080.89,9,954,66680.03
CUST0019,Paul Ray,1170560.3,4,830,78037.35
CUST0020,David Fisher,1781395.0,11,917,57464.35
CUST0021,Laura Moyer,893002.1,5,928,49611.23
CUST0022,Reginald Hernandez,2852775.59,15,851,63395.01
CUST0023,Phyllis Manning,1158801.05,7,1030,52672.78
CUST0024,Jason Perry,2236272.76,10,1003,63893.51
CUST0025,Matthew Shelton,2606171.77,16,941,55450.46
CUST0026,Kathleen Gray,1899373.02,10,847,54267.8
CUST0027,Danny Gould,2103796.55,14,934,51312.11
CUST0028,John Terry,1620899.48,8,1048,60033.31
CUST0029,Eric Thompson,1258242.38,8,758,62912.12
CUST0030,Lauren Peterson,2593040.85,15,1002,60303.28
CUST0031,Bonnie Kennedy,2306494.2,16,802,60697.22
CUST0032,Alicia Campbell,1003752.96,7,841,66916.86
CUST0033,Justin Mendoza,2343615.76,10,992,73237.99
CUST0034,Alexandra Hayes,2575128.28,11,1087,62808.01
CUST0035,Antonio Roberts,1744878.45,8,1061,60168.22
CUST0036,Scott Harrison,762856.73,4,865,69350.61
CUST0037,Denise Moon,1141187.95,7,977,51872.18
CUST0038,Shawn Edwards,2497079.72,12,918,67488.64
CUST0039,Eric Pierce,1680028.67,10,874,52500.9
CUST0040,William Suarez,1598691.17,11,912,49959.1
CUST0041,Patrick Chase,3097027.55,13,1083,70386.99
CUST0042,Charles Harrington,1577725.64,12,916,50894.38
CUST0043,Brandon Flynn,2200894.35,13,841,70996.59
CUST0044,Rachel Byrd,2645763.67,11,1080,69625.36
CUST0045,Kimberly Beltran,2869075.36,12,1053,71726.88
CUST0046,James Buchanan,2450219.86,10,880,66222.16
CUST0047,Parker Little,2622147.38,13,897,67234.55
CUST0048,Paul Watson,620634.6,4,1065,41375.64
CUST0049,Christopher Lewis,792994.78,8,981,60999.6
CUST0050,Daniel Delacruz,1693668.01,8,904,67746.72
CUST0051,Daniel Gordon,1394022.19,8,1039,60609.66
CUST0052,Jennifer James,1616321.65,8,923,57725.77
CUST0053,Gloria Wells,501628.54,4,855,55736.5
CUST0054,Jason Douglas,1141770.48,7,1018,71360.66
CUST0055,Michael White,2832997.21,14,1028,64386.3
CUST0056,Christopher Ramos,2705065.88,12,935,64406.33
CUST0057,Derrick Scott,810566.03,7,1081,45031.45
CUST0058,Ruben Sullivan,1610066.32,10,799,67086.1
CUST0059,William Wilson,3158737.1,12,824,64464.02
CUST0060,Scott Harrison,562284.11,5,863,51116.74
CUST0061,Jacob Jacobs,3257916.94,13,732,69317.38
CUST0062,Carla Mccormick,2369211.11,12,871,60749.0
CUST0063,Elizabeth Calderon,1624448.37,11,1059,56015.46
CUST0064,Kelli Conley,584985.67,5,947,58498.57
CUST0065,Kaitlyn Cole,1495101.43,11,771,53396.48
CUST0066,Brett Castillo,1332897.35,7,935,60586.24
CUST0067,Jeffrey Flores,2796064.52,16,989,54824.79
CUST0068,Chelsea Henderson,2037643.7,10,850,61746.78
CUST0069,Elizabeth Miller,1940474.46,15,1037,57072.78
CUST0070,Gail Pollard,1301252.22,9,772,50048.16
CUST0071,Michael Norman,801651.35,4,877,80165.14
CUST0072,Donna Parker,2175350.99,9,759,75012.1
CUST0073,Kimberly Diaz,1822117.37,8,966,72884.69
CUST0074,Jill Porter,1305195.76,9,829,50199.84
CUST0075,Kelly Evans,2648956.59,14,873,69709.38
CUST0076,Cheryl Miller,1792006.85,9,920,74666.95
CUST0077,Fred Morris,1589346.17,11,859,52978.21
CUST0078,Rachel Morgan,665730.31,3,973,66573.03
CUST0079,Scott Washington,2291475.96,10,1051,57286.9
CUST0080,Sydney Barrera,795642.98,7,1069,46802.53
CUST0081,Amanda Boone,2400195.31,14,893,64870.14
CUST0082,Erin Wilson,2366966.8,11,1035,63972.08
CUST0083,Eduardo Barry,1076824.36,6,827,56674.97
CUST0084,Thomas Coffey,1522036.9,9,929,63418.2
CUST0085,Devin Clark,1773080.42,9,973,65669.65
CUST0086,Timothy Castro,2107773.47,12,1035,55467.72
CUST0087,Brent Stein,2153548.6,10,835,63339.66
CUST0088,Robin Thompson,2459842.16,13,758,61496.05
CUST0089,Francisco Stevens,1597253.19,9,1017,53241.77
CUST0090,Adam Reyes,1694729.6,11,931,51355.44
CUST0091,Christina Robinson,1983944.57,8,732,73479.43
CUST0092,Ashley Hernandez,1967420.49,10,869,63465.18
CUST0093,Andrew Scott,1816015.64,12,751,56750.49
CUST0094,Desiree Bailey,1739022.76,8,981,72459.28
CUST0095,Lisa Barnes,1946278.24,9,1034,72084.38
CUST0096,Barbara Barton,3943514.7,18,930,61617.42
CUST0097,Amanda Allen,611629.81,5,960,47048.45
CUST0098,Jenny Lee,2373867.48,13,725,59346.69
CUST0099,Timothy Sanchez,1264381.85,7,945,52682.58
CUST0100,Joyce Smith,3067807.13,20,1023,52893.23
CUST0101,Jack Preston,2077112.56,9,1082,67003.63
CUST0102,Alyssa Hill,1081118.05,8,1058,51481.81
CUST0103,John Terry,2209807.09,14,999,59724.52
CUST0104,Thomas Williams,1702099.67,12,1025,53190.61
CUST0105,Erica Fernandez,2771671.11,13,1077,61592.69
CUST0106,Jeremy Tran,2454764.94,15,1053,49095.3
CUST0107,David Lopez,3860224.38,16,975,68932.58
CUST0108,Rachel Stein,1488000.37,7,925,67636.38
CUST0109,Johnathan Wright,1397747.12,7,921,51768.41
CUST0110,James Edwards,2434467.99,11,806,64064.95
CUST0111,Lauren Guerra,1841649.42,9,877,57551.54
CUST0112,Danielle Miller,2786514.84,17,943,54637.55
CUST0113,Vincent Cooper,720022.35,5,1051,45001.4
CUST0114,Carlos Williams,1669150.5,11,935,53843.56
CUST0115,Brittany Price,1424625.25,7,884,54793.28
CUST0116,Danny Bell,2008025.91,12,857,59059.59
CUST0117,Tommy Medina,1188999.49,10,870,51695.63
CUST0118,Jennifer Wallace,1689551.86,12,787,49692.7
CUST0119,Jennifer Payne,2352706.77,13,849,61913.34
CUST0120,Linda Hudson,918399.62,8,767,48336.82
CUST0121,Tracy Ray,3354153.56,19,779,49325.79
CUST0122,Troy Morris,1679697.74,11,746,50899.93
CUST0123,Diamond Wright,1195885.3,12,1085,41237.42
CUST0124,David Jones,2538653.46,13,918,66806.67
CUST0125,Christina Ramos,1239537.38,8,786,49581.5
CUST0126,April Hicks,2075045.77,13,876,51876.14
CUST0127,Charles Matthews,1766674.35,9,1058,60919.81
CUST0128,Peter Walters,1417227.22,8,1042,64419.42
CUST0129,Tyler Reed,968943.24,6,912,60558.95
CUST0130,Michael Scott,2767956.8,13,1019,62908.11
CUST0131,Marc Butler,2211098.48,12,788,71325.76
CUST0132,Alan Gonzalez,1946239.41,10,842,54062.21
CUST0133,Jessica Garcia,1162678.98,9,1059,58133.95
CUST0134,Kelly Rosales,902119.28,5,1042,60141.29
CUST0135,Kyle Baker,1184683.12,9,770,42310.11
CUST0136,Angela Pierce,1133231.89,12,1080,37774.4
CUST0137,Christopher Boone,754895.31,3,982,83877.26
CUST0138,Christina Jensen,2455781.55,15,785,52250.67
CUST0139,Roberta Shaw,1005257.77,7,985,50262.89
CUST0140,Meghan Salinas,1893996.74,12,878,52611.02
CUST0141,Brian Guzman,1258541.47,7,760,57206.43
CUST0142,Sheri Foster,3248983.4,14,1019,69127.31
CUST0143,Tammy Johnson,2085889.24,10,769,59596.84
CUST0144,John Jones,2061479.66,12,913,62469.08
CUST0145,Lucas Lynn,1088629.19,11,1049,49483.15
CUST0146,Heidi Bowen,2383650.37,13,974,62727.64
CUST0147,George Carter,1137819.43,9,908,51719.07
CUST0148,Bryan Goodwin,1221301.69,10,738,45233.4
CUST0149,Erica Oliver,1484485.79,7,735,53017.35
CUST0150,Mark Hill,1681292.23,9,783,48036.92
CUST0151,Joseph Pena,1908205.97,11,740,68150.21
CUST0152,Juan Vasquez,2478632.54,16,888,53883.32
CUST0153,Richard Deleon,2366628.57,12,842,56348.3
CUST0154,Brooke Thompson,2023775.94,11,837,65283.09
CUST0155,Robert Smith,820545.98,7,971,41027.3
CUST0156,Yvonne Levy,1335606.27,9,776,53424.25
CUST0157,Anthony Jimenez,2237931.38,12,1051,57382.86
CUST0158,Lindsey Hines,2267313.58,14,758,53983.66
CUST0159,Sheryl Jones,1123105.62,7,959,66065.04
CUST0160,Shannon Clark,1651318.66,5,805,68804.94
CUST0161,Martha Lee,1261725.5,6,806,52571.9
CUST0162,Wendy Henry,514105.23,5,812,57122.8
CUST0163,Amanda Williams,1792229.57,12,819,44805.74
CUST0164,Abigail Dean,1574645.38,7,974,62985.82
CUST0165,Haley Castillo,2261965.67,13,986,55169.89
CUST0166,Melissa Ward,2426632.45,11,1017,69332.36
CUST0167,Mary Vaughn,2231673.17,12,851,76954.25
CUST0168,Nichole Acosta,1006384.37,7,832,62899.02
CUST0169,Darlene Hernandez,2164583.12,11,771,67643.22
CUST0170,Shane Gates,1830201.47,9,956,59038.76
CUST0171,Martin Saunders,1858829.54,9,897,61960.98
CUST0172,Robert King,1755427.01,9,833,58514.23
CUST0173,Brandon Mcconnell,1469743.48,9,934,56528.6
CUST0174,Devon Morrison,1283547.08,9,870,64177.35
CUST0175,Julie Skinner,2574685.41,14,1032,55971.42
CUST0176,Amber Howard,1360702.31,12,782,45356.74
CUST0177,Julia Harris,422428.42,4,942,35202.37
CUST0178,Eugene Singleton,2189447.71,9,784,62555.65
CUST0179,Carlos Wagner,1280083.74,7,829,71115.76
CUST0180,Felicia Flores,1248293.93,7,889,59442.57
CUST0181,Adrian Jones,2265275.06,11,1067,66625.74
CUST0182,Bailey Perez,3063379.59,18,853,61267.59
CUST0183,Randall Guerrero,1680236.28,10,880,54201.17
CUST0184,Robert Brewer,3174655.99,14,991,69014.26
CUST0185,Michael Lambert,1751314.17,13,993,46087.22
CUST0186,Joshua Ward,1698437.22,12,759,47178.81
CUST0187,Brittany Escobar,2141600.27,12,759,71386.68
CUST0188,Erik Knight,1394015.81,9,938,49786.28
CUST0189,Tina Nguyen,2317252.32,14,888,52664.83
CUST0190,Laura Eaton,1635477.36,10,927,54515.91
CUST0191,Timothy Clark,963960.18,7,1024,56703.54
CUST0192,Carol Elliott,2115369.63,13,846,57172.15
CUST0193,Candace Jones,3055845.97,16,1052,62364.2
CUST0194,Penny Hampton,1103386.64,8,791,44135.47
CUST0195,Nancy Ortiz,1916259.86,10,1028,61814.83
CUST0196,Melissa Henderson,1052494.75,5,788,87707.9
CUST0197,Jerry Logan,2230878.29,10,1064,69714.95
CUST0198,Benjamin Cruz,2756563.11,13,827,65632.46
CUST0199,Christopher Hill,2536895.01,13,772,61875.49
CUST0200,Sarah Andrews,1237940.62,8,942,56270.03
CUST0201,Stephen Murray,2219258.59,17,1059,45290.99
CUST0202,Patricia Adams,1019140.49,6,731,53638.97
CUST0203,Adam Vincent,1560021.05,11,724,52000.7
CUST0204,Tiffany Wolfe,3791942.75,22,946,62163.0
CUST0205,Jaclyn Watson,2850082.2,15,778,54809.27
CUST0206,Robert Taylor,1857840.93,8,799,66351.46
CUST0207,Angela Patrick,2318928.26,12,850,62673.74
CUST0208,Danielle Mcfarland,1970548.88,10,744,72983.29
CUST0209,Brenda Sheppard,2117547.22,11,885,54296.08
CUST0210,Diana Mcclure,1804229.72,10,875,62214.82
CUST0211,Brittany Bryant,2533987.11,16,885,55086.68
CUST0212,Alan Weeks,2086499.61,11,1003,57958.32
CUST0213,Kathy Kent,912325.4,6,1016,53666.2
CUST0214,Andrew Compton,1565587.09,9,818,60214.89
CUST0215,Joseph Long,1864570.2,13,905,69058.16
CUST0216,Eric Chandler,3312963.98,18,1085,58122.18
CUST0217,Caitlyn Watson,2004094.72,12,804,57259.85
CUST0218,Jennifer King,1638739.27,8,1062,63028.43
CUST0219,Amber Gibson,905608.62,8,929,43124.22
CUST0220,Carl Conley,1604582.71,9,1083,53486.09
CUST0221,Taylor Fowler,1214762.88,8,807,52815.78
CUST0222,Alicia Wright,2259579.26,12,833,59462.61
CUST0223,Sarah Orr,417521.63,4,857,32117.05
CUST0224,Kevin Walker,1682880.88,10,946,62328.92
CUST0225,Christopher Ross,1850449.76,11,730,52869.99
CUST0226,Sarah Martinez,2157070.88,10,827,67408.47
CUST0227,Christopher Reynolds,1349309.61,8,935,71016.3
CUST0228,Alexandria Allen,1281639.06,10,1023,61030.43
CUST0229,Dustin Williams,1083618.11,8,914,45150.75
CUST0230,Amanda Harris,2657998.64,12,908,57782.58
CUST0231,Melissa Keller,2037854.52,10,1073,59936.9
CUST0232,Phillip Moore,2770724.72,17,926,52277.82
CUST0233,Renee Murphy,1504083.69,7,965,71623.03
CUST0234,Nicole Gutierrez,1131372.03,8,999,56568.6
CUST0235,Wayne Jacobs,1546926.15,11,794,51564.21
CUST0236,Michelle Burns,1325120.96,7,767,57613.95
CUST0237,Benjamin Hughes,1494786.3,8,786,57491.78
CUST0238,Angel Chavez,975512.9,8,875,54195.16
CUST0239,Ariana Keller,1195517.07,9,847,54341.69
CUST0240,Amy Smith,1702427.86,8,1017,65477.99
CUST0241,Dustin Johnson,1641486.36,10,945,49742.01
CUST0242,Calvin Ruiz,2625844.27,15,884,65646.11
CUST0243,April Welch,1115487.16,6,953,58709.85
CUST0244,Juan Tyler,2053907.14,11,730,58683.06
CUST0245,Derek Moore,1414047.28,9,1063,64274.88
CUST0246,Tonya Sims,1158795.89,4,766,82771.14
CUST0247,Daniel Glover,2114972.85,10,910,66092.9
CUST0248,Adam Randolph,1860150.65,12,1031,62005.02
CUST0249,Anita Garcia,2439038.7,11,1047,62539.45
CUST0250,Harold Carlson,671060.57,4,823,61005.51
CUST0251,Michelle Jensen,956252.29,8,931,53125.13
CUST0252,Amanda Morales,1880487.52,10,1021,62682.92
CUST0253,Danny Carlson,984175.89,9,832,51798.73
CUST0254,Christina West,1239170.79,8,815,56325.95
CUST0255,Joe Park,984560.47,11,750,51818.97
CUST0256,Alfred Griffith,1646037.15,7,939,63309.12
CUST0257,Adrian Jimenez,1862388.06,10,1033,66513.86
CUST0258,Pamela Davis,1922144.92,9,889,56533.67
CUST0259,Michael Levine,1859690.13,9,1039,59990.0
CUST0260,Christina Hill,1964181.69,10,1056,59520.66
CUST0261,Mary Mullins,1205686.5,7,904,44655.06
CUST0262,Thomas Thomas,1886318.77,8,834,62877.29
CUST0263,Emily Townsend,1517791.69,9,807,54206.85
CUST0264,Christine Brown,954400.86,6,907,63626.72
CUST0265,Ronald Berger,1923776.56,10,1046,66337.12
CUST0266,Christina Rodriguez,2120104.11,12,985,58891.78
CUST0267,Autumn Robertson,2172303.53,12,947,57165.88
CUST0268,Katie Holland,1564304.82,12,1014,50461.45
CUST0269,Paul Sparks,214666.1,2,899,35777.68
CUST0270,Jacqueline Anderson,1949099.37,12,957,52678.36
CUST0271,Derrick Copeland,1803087.8,11,729,47449.68
CUST0272,Eric Hobbs,1742829.62,10,851,54463.43
CUST0273,Stephanie Burton,1075235.92,6,981,51201.71
CUST0274,Megan Pruitt,1279308.53,6,801,85287.24
CUST0275,Zachary Jones,2295298.09,11,1067,63758.28
CUST0276,Paul Taylor,2171861.46,14,782,52972.23
CUST0277,Christopher Vincent,1946076.46,11,1071,72076.91
CUST0278,Ronald Foster,1189294.1,9,908,54058.82
CUST0279,Kristy Wood,1896990.47,9,848,61193.24
CUST0280,Sierra Leonard,1950044.18,9,879,67242.9
CUST0281,Jason Mcgee,2485384.49,13,847,62134.61
CUST0282,Patricia Ellis,1944891.62,12,927,55568.33
CUST0283,Joan Smith,1745335.98,11,1022,64642.07
CUST0284,Kayla Williams,2196503.05,12,987,57802.71
CUST0285,Austin Stewart,1891780.3,11,802,45042.39
CUST0286,Paula Montes,1548672.87,12,1067,53402.51
CUST0287,Joshua Johnson,1913902.62,11,1084,59809.46
CUST0288,Nancy Miller,819329.69,5,726,63025.36
CUST0289,Robin Perry,1634241.27,9,871,58365.76
CUST0290,Jose Blanchard,2463622.38,13,845,53557.01
CUST0291,William Johnston,1090782.05,11,791,51942.0
CUST0292,Gary Morris,2859153.25,17,956,54983.72
CUST0293,Jeffrey Lopez,839109.17,7,813,49359.36
CUST0294,David Benson,1157747.04,10,1072,50336.83
CUST0295,Samantha Harris,2414922.87,12,770,67081.19
CUST0296,George Webster,1096625.98,8,793,52220.28
CUST0297,Derek Farmer,1717608.89,12,741,55406.74
CUST0298,Alexander Craig,1178129.42,8,957,47125.18
CUST0299,David Massey,1774460.26,9,790,70978.41
CUST0300,Tyler Fuller,1532810.62,7,1010,54743.24
CUST0301,Jose Cooper,1885548.91,10,745,67341.03
CUST0302,Jennifer Freeman,2743587.43,15,964,58374.2
CUST0303,Michael Harmon,1920354.81,14,858,53343.19
CUST0304,Matthew Smith,2764851.68,10,958,76801.44
CUST0305,Christina Cox,1550420.71,8,859,67409.6
CUST0306,Thomas Clark,1637402.83,14,1006,46782.94
CUST0307,Melissa Meadows,1939067.69,12,838,48476.69
CUST0308,Richard Wilson,2520456.22,14,838,53626.73
CUST0309,Michele Miller,2321317.74,9,856,64481.05
CUST0310,Jo Shaffer,1160420.58,6,966,64467.81
CUST0311,Natasha Giles,2958553.0,15,1085,62947.94
CUST0312,Christopher Carson,1910610.92,7,892,73485.04
CUST0313,Mark Neal,1841631.56,8,781,65772.56
CUST0314,Glenn Watkins,1159812.86,6,987,72488.3
CUST0315,Caroline Hernandez,2227010.67,9,921,69594.08
CUST0316,Jessica Lopez,1216366.42,6,822,64019.29
CUST0317,Jill Scott,2206597.53,11,863,66866.59
CUST0318,Sarah Humphrey,1614901.39,7,738,70213.1
CUST0319,Lawrence Stafford,1973306.29,11,1073,54814.06
CUST0320,Stephen Rodriguez,1529780.18,10,731,58837.7
CUST0321,Anthony Maldonado,2532417.09,11,1006,64933.77
CUST0322,Julia Payne,1698136.6,10,973,58556.43
CUST0323,Carrie Howard,1655638.93,11,1052,57091.0
CUST0324,Jeffrey Parks,1257723.23,7,875,62886.16
CUST0325,Robert Marshall,2329520.6,13,860,61303.17
CUST0326,Lindsey Peterson,1328598.92,11,971,42858.03
CUST0327,Christopher Taylor,1412757.22,9,1031,48715.77
CUST0328,Rachel Rodgers,1010173.87,9,802,40406.95
CUST0329,William Hardy,2246904.37,11,847,56172.61
CUST0330,Evan Barber,726553.72,6,778,60546.14
CUST0331,Kara Estrada,2220041.23,15,950,63429.75
CUST0332,Anthony Brown,1949568.65,9,814,77982.75
CUST0333,Kimberly Lynch,3290329.3,14,837,65806.59
CUST0334,Melinda Gonzales,3964127.94,15,1035,68347.03
CUST0335,Stephanie Black,1978443.88,9,843,63820.77
CUST0336,Jennifer Edwards,1979690.12,9,746,63860.97
CUST0337,Peter Higgins,1788348.56,11,765,61667.19
CUST0338,Jessica Skinner,1701558.73,8,978,65444.57
CUST0339,John Murphy,1453400.42,11,1058,42747.07
CUST0340,Angelica Maxwell,2573452.92,14,1076,65985.97
CUST0341,Carolyn Ortiz,1773766.25,12,784,49271.28
CUST0342,Jason Fuentes,986718.75,8,764,42900.82
CUST0343,Steven Cole,1050513.32,6,803,58361.85
CUST0344,Angel Mccoy,1081284.28,7,833,72085.62
CUST0345,John Thornton,2446501.66,10,1044,81550.06
CUST0346,Jonathan Davis,2557862.59,13,995,67312.17
CUST0347,Paul Wilson,1718040.3,9,1056,63631.12
CUST0348,Amber Jackson,2514200.76,12,952,52379.18
CUST0349,Brandon Stevenson,2283343.88,14,982,50740.98
CUST0350,Jason Haley,1893309.09,13,951,61074.49
CUST0351,Gregory Tate,2097334.97,11,1074,51154.51
CUST0352,James Nicholson,1742417.7,10,746,51247.58
CUST0353,Erica Mendez,1473732.07,7,732,66987.82
CUST0354,Philip Cook,1074613.72,6,993,56558.62
CUST0355,Lorraine Stone,235452.71,3,1067,26161.41
CUST0356,Curtis Brown,2259964.03,11,836,61080.11
CUST0357,Daniel Smith,2198791.9,12,779,59426.81
CUST0358,William Pearson,1034601.03,7,955,49266.72
CUST0359,Kristen Peterson,973158.78,9,1003,38926.35
CUST0360,Claire Allen,1537309.14,10,917,54903.9
CUST0361,Michael Hester,1304870.56,11,957,43495.69
CUST0362,Lisa Guerrero,2037948.62,10,731,67931.62
CUST0363,Kelly Hernandez,1851662.46,9,964,68580.09
CUST0364,Stephanie Wells,1262078.88,8,990,50483.16
CUST0365,April Hall,1213443.67,5,838,75840.23
CUST0366,William Schneider,3187017.25,17,1085,70822.61
CUST0367,Sonya Underwood,1824778.73,9,922,60825.96
CUST0368,Anthony Taylor,1372523.87,8,960,72238.1
CUST0369,Bryce Hughes,1840419.88,9,978,57513.12
CUST0370,Chad Brown,2308923.08,12,1027,65969.23
CUST0371,Gail Hill,1894981.0,10,817,65344.17
CUST0372,John Yoder,1907463.35,8,793,70646.79
CUST0373,Katie Nguyen,2117856.21,13,1084,52946.41
CUST0374,Ellen Marshall,788209.76,6,974,49263.11
CUST0375,Emily Smith,1862249.69,11,789,60072.57
CUST0376,Regina Gonzalez,1874631.51,9,963,78109.65
CUST0377,Randall Patterson,886074.33,7,1071,52122.02
CUST0378,Jennifer Moody,1300474.1,10,893,52018.96
CUST0379,Joel Patterson,2027387.46,14,886,50684.69
CUST0380,Andrew Bradford,1246056.14,9,724,47925.24
CUST0381,Ana Pope,3091047.24,14,983,70251.07
CUST0382,Nicholas Ruiz,2534570.47,10,970,76805.17
CUST0383,Timothy Cook,2163564.67,12,840,69792.41
CUST0384,Sarah Martin,1743554.34,10,987,79252.47
CUST0385,John Lane,2332000.4,13,803,68588.25
CUST0386,Daisy Frank,1643758.06,8,943,58705.65
CUST0387,Hunter Fry,1119757.79,10,975,44790.31
CUST0388,Anthony Young,1695319.88,10,726,58459.31
CUST0389,Ruben Wood,1795167.46,13,817,51290.5
CUST0390,Donna Alvarez,1267115.21,10,803,46930.19
CUST0391,Douglas Meyer,2726807.09,16,1026,68170.18
CUST0392,Jennifer Wade,2476363.98,14,988,57589.86
CUST0393,Joy Pineda,379575.84,6,935,37957.58
CUST0394,Lisa Phillips,2480010.62,16,1066,47692.51
CUST0395,Sarah Walker,1337513.35,9,979,63691.11
CUST0396,Connor Morris,1095378.79,6,942,60854.38
CUST0397,Cody Mccann,1955336.86,11,787,57509.91
CUST0398,Cynthia Wallace,501092.29,6,973,33406.15
CUST0399,Regina Pope,2040484.7,13,1018,68016.16
CUST0400,David Anderson,1006215.26,6,1034,55900.85
CUST0401,Catherine Dixon,3545586.92,18,1039,60094.69
CUST0402,Patrick Mckee,1453193.1,8,941,66054.23
CUST0403,Amanda Sutton,1575284.9,8,884,65636.87
CUST0404,Allison Graves,1925805.18,11,988,52048.79
CUST0405,David Gray,1517955.04,10,842,48966.29
CUST0406,Cynthia Jones,2153137.0,8,931,79745.81
CUST0407,Ronald Ferguson,1667107.4,10,941,59539.55
CUST0408,Robin Wright,951123.21,10,950,43232.87
CUST0409,Daniel Bailey,1550426.69,9,943,53462.99
CUST0410,Lisa Rodriguez,1576675.31,8,935,58395.38
CUST0411,Elizabeth Vaughan,1447247.08,7,1068,55663.35
CUST0412,Timothy Campbell,1368666.94,11,757,48880.96
CUST0413,Benjamin Mooney,2156910.81,9,890,69577.77
CUST0414,Joseph Ramirez,1552171.6,9,1017,57487.84
CUST0415,Kevin Davis,451585.75,5,1073,56448.22
CUST0416,Charles Payne,1579010.33,9,901,75190.97
CUST0417,Gary Hill,2166982.25,10,853,69902.65
CUST0418,Ashley Vargas,1098108.67,7,840,57795.19
CUST0419,Morgan Williams,1329721.42,8,962,51143.13
CUST0420,Jessica Ramirez,1650234.77,13,999,48536.32
CUST0421,Tyler Stevens,389246.61,6,1061,55606.66
CUST0422,Jennifer Taylor,1191180.84,7,781,59559.04
CUST0423,Christopher Taylor,2887907.94,14,1033,55536.69
CUST0424,Dylan Rios,1683148.38,12,730,54295.11
CUST0425,Alyssa Greene,1613637.56,7,937,76839.88
CUST0426,Daniel Simmons,2185763.32,10,882,70508.49
CUST0427,Robert Lane,2220119.03,10,974,63431.97
CUST0428,John Carey,1876665.05,11,1031,53619.0
CUST0429,Alexander Guerra,1968888.48,10,893,54691.35
CUST0430,Erin Liu,2110784.91,11,1003,57048.24
CUST0431,Meagan Velasquez,790654.79,5,995,56475.34
CUST0432,Jason Smith,2223691.75,10,797,65402.7
CUST0433,Leonard Myers,3081048.87,15,1058,70023.84
CUST0434,Destiny Mack,1974638.68,12,851,47015.21
CUST0435,Linda Thomas,909776.62,7,988,56861.04
CUST0436,Sandra Case,1363635.49,9,801,64935.02
CUST0437,Eric Garcia,3501292.01,16,1018,67332.54
CUST0438,Mark Stewart,2363763.64,14,855,59094.09
CUST0439,Tiffany Lewis,1143378.83,7,1017,49712.12
CUST0440,Tabitha Phillips,1437980.86,8,808,68475.28
CUST0441,Julia Doyle,1581552.97,6,855,75312.05
CUST0442,Teresa Ray,1522992.46,14,910,42305.35
CUST0443,Francisco Graham,1152044.99,7,893,52365.68
CUST0444,Jeffrey Gibson,1867664.8,11,1087,69172.77
CUST0445,Krystal Randall,2812310.55,13,932,70307.76
CUST0446,Cory Owen,2112839.85,9,866,72856.55
CUST0447,Cynthia Strickland,1817195.03,9,1045,79008.48
CUST0448,Donald Green,1363246.11,8,943,64916.48
CUST0449,Hector Smith,1494432.3,10,1014,55349.34
CUST0450,Edwin Camacho,1294292.97,9,799,61633.0
CUST0451,John Gonzalez,1445082.25,7,1011,62829.66
CUST0452,Gary Johnson,957595.54,8,786,59849.72
CUST0453,Alex Murphy,1345109.23,5,866,79124.07
CUST0454,Lisa Gonzalez,1416052.7,7,978,56642.11
CUST0455,Paula Hull,1706285.42,13,851,43750.91
CUST0456,Melinda Coffey,969182.24,8,1014,48459.11
CUST0457,Sarah Parrish,2371383.01,12,796,71860.09
CUST0458,Allison Lane,1972356.67,13,1083,49308.92
CUST0459,Tony Peterson,1491344.83,7,1016,82852.49
CUST0460,Deborah Thomas,2087157.78,11,921,61386.99
CUST0461,William Brown,1715714.26,9,1045,49020.41
CUST0462,Barbara Allen,1281214.58,9,803,55704.98
CUST0463,Kevin Knox,1724628.22,11,746,57487.61
CUST0464,Michael Wells,2062585.87,12,970,55745.56
CUST0465,Jonathan Tucker,2451243.32,13,864,53287.9
CUST0466,Samantha Gray,2806409.63,16,968,61008.91
CUST0467,Matthew Salazar,941828.9,7,1063,55401.7
CUST0468,Justin Watkins,1062862.47,6,976,55940.13
CUST0469,John Gregory,1222382.52,8,970,55562.84
CUST0470,Isaac Patton,1526070.04,7,847,80319.48
CUST0471,Richard Smith,963423.61,7,888,45877.31
CUST0472,Derek Jacobson,2339489.2,13,1079,59986.9
CUST0473,Richard Mcgrath,1342145.36,8,976,55922.72
CUST0474,Michael Hill,1393188.26,7,736,58049.51
CUST0475,Stephen Smith,1998068.75,12,811,55501.91
CUST0476,Kevin Long,2367374.38,11,1077,59184.36
CUST0477,Victor Shelton,2586789.87,12,964,66327.95
CUST0478,Audrey Gonzalez,1462903.61,7,868,60954.32
CUST0479,James Clark,1210705.74,8,1049,55032.08
CUST0480,Andrew Nicholson,2274051.34,10,876,66883.86
CUST0481,Anthony Morgan,2045338.57,12,927,53824.7
CUST0482,Jennifer Garcia,2365498.45,15,791,52566.63
CUST0483,Ronald Taylor,1744394.01,11,749,48455.39
CUST0484,David White,1575079.77,8,812,65628.32
CUST0485,Misty Sanchez,2098357.29,13,800,61716.39
CUST0486,Barry Young,2184061.6,14,757,56001.58
CUST0487,Scott Walker,1508185.71,11,956,47130.8
CUST0488,Angela Farley,2584126.59,11,778,69841.26
CUST0489,Amy Morgan,805451.83,10,930,33560.49
CUST0490,Andrea Ashley,1161954.37,9,1072,58097.72
CUST0491,Theresa Smith,2004273.77,9,1061,58949.23
CUST0492,Mark French,2127972.07,10,1005,70932.4
CUST0493,Jessica James,980898.02,7,965,57699.88
CUST0494,Rhonda Murphy,2731849.51,13,853,65044.04
CUST0495,Ashley Serrano,2347871.5,11,739,57265.16
CUST0496,Robert Cannon,1399383.34,8,958,58307.64
CUST0497,Brandon Rodgers,2285950.37,13,918,54427.39
CUST0498,Shirley Davis,1762740.32,9,1050,58758.01
CUST0499,Joshua Gonzales,2662374.19,11,899,63389.86
CUST0500,Jessica Meyer,1123843.45,7,961,59149.66
CUST0501,Crystal Hunt,2704536.31,14,1030,57543.33
CUST0502,David Walters,2022754.72,10,821,56187.63
CUST0503,Dana Washington,3296637.5,16,992,68679.95
CUST0504,Donna Bailey,2160213.24,9,929,65461.01
CUST0505,Jorge Brown,3515788.79,17,1038,65107.2
CUST0506,Kimberly Cook,1749792.63,8,777,62492.59
CUST0507,Angela Wright,1824643.25,9,1075,62918.73
CUST0508,Richard Cardenas,1151253.29,7,890,67720.78
CUST0509,Joseph Douglas,2106518.96,11,895,58514.42
CUST0510,Daniel Walker,2132938.05,12,1034,64634.49
CUST0511,Jennifer Knight,1524820.26,10,835,56474.82
CUST0512,Wyatt Trevino,1846849.53,10,1034,68401.83
CUST0513,Ryan Phillips,2136488.8,12,728,52109.48
CUST0514,Alejandro Butler,845812.77,7,841,52863.3
CUST0515,Joshua Hoover,2281334.64,12,870,57033.37
CUST0516,Katie Rivera,2400516.85,13,963,57155.16
CUST0517,Elizabeth Murphy,1056276.11,9,871,52813.81
CUST0518,David Yoder,2451742.27,12,1086,59798.59
CUST0519,Wesley Smith,1543624.05,10,905,51454.14
CUST0520,Jill Pitts,2293997.25,16,763,49869.51
CUST0521,Jennifer Diaz,1431046.97,7,842,62219.43
CUST0522,Matthew Carroll,431008.37,4,910,43100.84
CUST0523,Dawn Valenzuela,707344.33,5,983,58945.36
CUST0524,Heidi Baker,2679870.22,14,817,59552.67
CUST0525,Jeffery Green,924987.59,8,844,51388.2
CUST0526,Robert Cook,805790.71,7,808,40289.54
CUST0527,Richard Williams,1567029.76,7,744,68131.73
CUST0528,Elizabeth Kramer,2073287.4,8,755,59236.78
CUST0529,Eric Peters,1443126.93,10,740,62744.65
CUST0530,Phillip Jones,1349699.18,7,838,56237.47
CUST0531,Jason Graham,2156853.47,10,822,67401.67
CUST0532,Luis Andrews,2262198.27,15,1045,59531.53
CUST0533,Monica Miller,2022779.79,15,1069,54669.72
CUST0534,Kenneth Fuentes,3322953.18,15,1040,77277.98
CUST0535,Michael Ellis,2141518.86,11,924,54910.74
CUST0536,Denise Andrade,2615928.13,17,793,65398.2
CUST0537,Walter Williams,2066141.06,10,1001,55841.65
CUST0538,Keith Joseph,1957545.86,10,827,63146.64
CUST0539,Melissa Faulkner,1573501.8,9,846,74928.66
CUST0540,Andrew Mcpherson,1908187.37,9,753,63606.25
CUST0541,Tiffany Pierce,739512.73,4,933,61626.06
CUST0542,Steven Jackson,1170451.56,8,1024,50889.2
CUST0543,Julia Stephenson,386273.6,2,993,77254.72
CUST0544,Vincent Rodriguez,1253707.91,9,902,50148.32
CUST0545,Reginald Ho,1076726.68,8,1007,41412.56
CUST0546,Rachel Vasquez,1810650.43,10,747,62436.22
CUST0547,Shirley Moore,1885748.25,9,947,69842.53
CUST0548,Dawn Matthews,1313002.23,9,1008,59681.92
CUST0549,Jessica Wilson,1860560.63,10,874,64157.26
CUST0550,John Scott,1102696.58,8,737,64864.5
CUST0551,Jeremy Willis,1186828.98,7,867,59341.45
CUST0552,Olivia Waters,1410746.06,9,838,54259.46
CUST0553,Matthew Byrd,733547.55,7,729,45846.72
CUST0554,James Rodriguez,1220566.34,9,962,45206.16
CUST0555,Jessica Perez,1550685.85,9,838,67421.12
CUST0556,Lori Harris,1004499.66,8,808,50224.98
CUST0557,Stephanie Arroyo,1016597.45,9,918,50829.87
CUST0558,Charles Rowland,1209196.55,6,1034,71129.21
CUST0559,Rebecca Griffin,923399.36,8,766,51299.96
CUST0560,Wendy Moyer,1357113.76,7,791,56546.41
CUST0561,Pamela Gamble,2278548.37,11,1081,65101.38
CUST0562,Melissa Silva,2398175.28,13,879,52134.25
CUST0563,Sarah Barrett,1939060.57,9,941,64635.35
CUST0564,Kelli Lawrence,2557101.28,11,903,67292.14
CUST0565,Adrian Lara,1294800.23,9,759,44648.28
CUST0566,April Taylor,1701767.3,12,947,51568.71
CUST0567,Kevin Garrett,1882715.42,11,1050,44826.56
CUST0568,Vanessa Rodriguez,637464.13,3,897,45533.15
CUST0569,Linda Thomas,1922065.32,9,961,66278.11
CUST0570,Jill Rosales,2344209.43,12,755,60107.93
CUST0571,Shannon Lewis,1968509.97,9,923,67879.65
CUST0572,Maria Martinez,1682513.45,9,778,64712.06
CUST0573,Nicholas Garcia,1388595.76,5,1036,77144.21
CUST0574,Angela Collins,1407476.01,7,742,56299.04
CUST0575,Edwin Ramos,2647081.0,15,749,57545.24
CUST0576,Mary Scott,1586893.68,10,1066,61034.37
CUST0577,Danielle Murphy,1919090.65,10,1072,58154.26
CUST0578,Cody Levy,1260532.26,8,844,52522.18
CUST0579,Jessica Atkinson,858671.53,8,760,47703.97
CUST0580,Christina Singh,1275124.02,10,958,53130.17
CUST0581,Marcus Rodriguez,1231812.69,9,1032,55991.49
CUST0582,Samantha Garcia,2651892.73,13,1032,57649.84
CUST0583,Timothy Gonzales,1795517.42,11,964,64125.62
CUST0584,Colin Lowery,1651784.32,8,859,71816.71
CUST0585,Ann Hansen,2242971.95,14,815,52162.14
CUST0586,Kyle Terry,1392803.03,12,850,53569.35
CUST0587,James Petty,2411898.56,14,968,57426.16
CUST0588,Victor Lopez,2053246.11,13,1088,62219.58
CUST0589,Lauren Carroll,2235229.79,12,891,62089.72
CUST0590,Christy Mcconnell,2059189.28,10,724,55653.76
CUST0591,Kristen Raymond,2554364.09,13,979,62301.56
CUST0592,Sheryl Simmons,1868096.7,11,969,58378.02
CUST0593,Amanda Williams,1042064.76,6,896,57892.49
CUST0594,Brandon James,917284.1,6,1009,57330.26
CUST0595,Madison Bennett,1367415.63,7,1063,59452.85
CUST0596,Jonathan Becker,1848633.92,9,887,63746.0
CUST0597,Benjamin Hughes,885088.34,6,956,59005.89
CUST0598,James Schneider,1115241.13,7,872,55762.06
CUST0599,Brian Cohen,520779.14,5,756,52077.91
CUST0600,Amy Smith,2033439.79,10,1032,61619.39
CUST0601,Yvette Macias,2472744.91,14,745,60310.85
CUST0602,Stephanie Ford,1736456.94,9,1034,62016.32
CUST0603,Rebecca Sosa,1062872.23,8,982,48312.37
CUST0604,Edward Stewart,895540.14,5,800,52678.83
CUST0605,Michael Blankenship,2007996.5,11,821,55777.68
CUST0606,Regina Davis,1156884.96,7,1055,60888.68
CUST0607,Kevin Long,878578.51,4,947,73214.88
CUST0608,Rebecca Johnson,1779745.76,13,971,63562.35
CUST0609,Paul Dominguez,1484132.76,10,1080,57082.03
CUST0610,Charles Brooks,1467217.2,8,851,69867.49
CUST0611,Sara Lopez,1873888.29,11,906,66924.58
CUST0612,Scott Romero,1579186.75,7,842,58488.4
CUST0613,Justin Simmons,797932.44,6,965,49870.78
CUST0614,Jose Franco,1995066.59,11,747,57001.9
CUST0615,Misty Marshall,1251253.12,11,858,46342.71
CUST0616,Thomas Nelson,2116360.28,11,830,58787.79
CUST0617,Janice Franklin,2246499.69,11,807,56162.49
CUST0618,Annette Wells,1052863.24,7,899,61933.13
CUST0619,Nicole Cruz,2602678.73,14,843,54222.47
CUST0620,Dustin Nelson,1967511.63,15,781,50449.02
CUST0621,Jose Thomas,3012426.16,17,1047,56838.23
CUST0622,Catherine Mitchell,2685752.46,18,963,55953.18
CUST0623,Caleb Jones,1235042.49,9,877,56138.3
CUST0624,Eric Carson,1701894.11,8,794,65457.47
CUST0625,Vincent Morris,702631.94,8,816,39035.11
CUST0626,Randy Hernandez,3022593.41,14,1042,70292.87
CUST0627,Tammy Powers,1663647.75,7,890,59415.99
CUST0628,Jamie Arroyo,2129609.32,7,756,96800.42
CUST0629,Patrick Carroll,2536243.96,10,1033,63406.1
CUST0630,Samantha Garner,957540.03,7,1064,50396.84
CUST0631,Nicholas Johnson,1017781.76,8,750,48465.8
CUST0632,Wendy Williams,3777182.88,16,833,64020.05
CUST0633,Malik Fowler,1399668.46,10,729,51839.57
CUST0634,Amber Becker,1969819.66,10,746,63542.57
CUST0635,Barbara Scott,1694097.38,9,1028,54648.3
CUST0636,Lauren Simpson,869608.36,6,913,57973.89
CUST0637,Heidi Evans,1617577.66,7,754,64703.11
CUST0638,Haley Oliver,662039.29,4,941,50926.1
CUST0639,Marcus Tran,2337277.13,11,818,63169.65
CUST0640,Jennifer King,1281447.21,10,938,47461.01
CUST0641,Ian Peterson,1425275.5,9,780,71263.78
CUST0642,Micheal Stephens,1498780.31,10,1042,55510.38
CUST0643,James Keller,1744773.93,12,799,54524.19
CUST0644,Kristin Rodriguez,1919343.57,8,829,83449.72
CUST0645,Carlos Palmer,1914671.38,10,853,61763.59
CUST0646,Christina Tyler,2624013.57,11,1063,69052.99
CUST0647,Darlene Wood,2773719.0,16,958,53340.75
CUST0648,Zachary Welch,760269.34,7,828,47516.83
CUST0649,Leah Barker,896056.21,6,856,42669.34
CUST0650,John Washington,1371463.34,9,1015,52748.59
CUST0651,Brandy Hill,2670173.45,12,759,65126.18
CUST0652,David Davis,1280524.17,6,848,75324.95
CUST0653,Edward Spencer,1521537.36,10,993,47548.04
CUST0654,Gabriel Thompson,2218386.4,9,758,65246.66
CUST0655,Nicole Henry,2736454.45,15,931,65153.68
CUST0656,Nicolas Rich,2013442.13,9,1054,71908.65
CUST0657,Michael Osborn,1355744.01,8,1058,61624.73
CUST0658,Michele Ramirez,1771659.57,10,741,61091.71
CUST0659,Carrie Jones,1765119.44,9,756,65374.79
CUST0660,Vincent Jacobson,1216270.25,9,813,55285.01
CUST0661,Tonya Taylor,2207925.27,12,1024,66906.83
CUST0662,Charles Vang,2180305.18,12,994,70332.43
CUST0663,Johnny Ross,1889712.9,10,735,69989.37
CUST0664,Carmen Kelly,2933389.43,14,844,63769.34
CUST0665,Lauren Stevens,1475964.67,9,726,46123.9
CUST0666,Jennifer Adams,2061195.75,13,923,54241.99
CUST0667,Vickie Martin,600332.35,5,988,60033.24
CUST0668,Eric Fleming,1011302.56,8,746,59488.39
CUST0669,Heidi Wagner,1043211.87,7,1077,61365.4
CUST0670,Joe Koch,1075618.65,9,858,51219.94
CUST0671,Christopher Mclaughlin,2492010.17,11,1024,63897.7
CUST0672,Christopher Williams,2865200.23,16,1027,62286.96
CUST0673,Phillip Morgan,2000281.93,12,860,58831.82
CUST0674,Edward Jones,1564006.38,12,1063,53931.25
CUST0675,Jacob Jimenez,1613664.12,9,899,52053.68
CUST0676,William Simpson,2867491.93,14,882,69938.83
CUST0677,Sara Gonzalez,3197115.49,15,764,58129.37
CUST0678,Melissa Montoya,2319987.63,14,1082,56585.06
CUST0679,Vanessa Lewis,1448303.09,8,1023,65831.96
CUST0680,Rebecca Harris,2426379.81,9,1041,75824.37
CUST0681,Christina Floyd,1618142.01,8,886,49034.61
CUST0682,Crystal Johnson,2225438.69,14,1011,52986.64
CUST0683,Michael Huerta,1777805.43,10,846,63493.05
CUST0684,Larry Short,2372604.83,13,1080,60836.02
CUST0685,Sarah Morrison,2707942.33,15,737,60176.5
CUST0686,Sarah Collins,1979558.38,11,1027,53501.58
CUST0687,Deborah Carroll,539881.15,3,922,67485.14
CUST0688,Mallory Carter,2659001.78,14,820,63309.57
CUST0689,Betty Coffey,1217200.02,8,956,64063.16
CUST0690,Deborah Martinez,2359679.18,12,1087,58991.98
CUST0691,Kaitlin Warren,777251.15,7,821,59788.55
CUST0692,Ethan Walker,198209.2,2,1081,33034.87
CUST0693,Rachel King,1467076.55,7,902,54336.17
CUST0694,Jennifer Coleman,1451473.7,11,950,45358.55
CUST0695,Trevor Jordan,2028161.01,9,1003,72434.32
CUST0696,Jonathan Hull,976177.85,7,1071,54232.1
CUST0697,Diane Dominguez,1353821.55,9,802,45127.39
CUST0698,George Moore,1947839.99,13,807,59025.45
CUST0699,Kevin Mcdaniel,1313740.58,9,927,52549.62
CUST0700,Jennifer Reeves,2745183.36,12,974,72241.67
CUST0701,Nancy Wilson,2413070.54,15,778,58855.38
CUST0702,Michele Stephens,1463734.05,7,887,66533.37
CUST0703,Jennifer Payne,1215148.2,8,821,67508.23
CUST0704,Scott Shannon,2247264.08,12,877,68098.91
CUST0705,Thomas Henry,2713104.3,14,744,66173.28
CUST0706,Christopher Ramsey,1380262.19,7,968,57510.92
CUST0707,Bobby Klein,1421996.4,8,728,64636.2
CUST0708,Pamela Herman,1240336.57,7,984,53927.68
CUST0709,Heather Montgomery,926320.43,7,1057,61754.7
CUST0710,Sonia Welch,1084741.92,5,829,67796.37
CUST0711,Michelle Palmer,1383463.0,6,1074,72813.84
CUST0712,John Hendricks,1975028.08,12,877,48171.42
CUST0713,Christopher Shelton,2107603.4,13,1084,45817.47
CUST0714,Brenda Cook,1672145.2,9,946,66885.81
CUST0715,Larry Jones,2812359.13,13,1022,63917.25
CUST0716,Dylan Allen,3490743.85,13,922,69814.88
CUST0717,Heather Wilson,2754167.37,16,1029,67174.81
CUST0718,Stephanie Saunders,1363995.71,9,797,52461.37
CUST0719,Laura Galloway,1206738.48,8,1049,67041.03
CUST0720,Lynn Romero,1998954.79,10,751,76882.88
CUST0721,Pamela Phillips,641285.73,7,785,49329.67
CUST0722,Anne Yu,1390248.81,11,828,49651.74
CUST0723,Diane Hoffman,871356.99,7,920,39607.14
CUST0724,Ashley Cooper,2838252.53,13,995,67577.44
CUST0725,Rachel Bond,1447330.44,7,769,57893.22
CUST0726,Brian Wong,993493.28,8,1082,55194.07
CUST0727,Francis Klein,1483811.28,7,1080,82433.96
CUST0728,Carlos Lee,920810.43,8,854,43848.12
CUST0729,Karen Young,2683721.43,12,753,76677.76
CUST0730,William Dudley,2603490.98,13,801,68512.92
CUST0731,Charles Flowers,2238481.55,14,784,48662.64
CUST0732,Nancy Ryan,864340.14,6,817,57622.68
CUST0733,Rachel Holmes,1955278.38,11,879,52845.36
CUST0734,Ashley Oconnor,1294347.89,9,846,61635.61
CUST0735,David Sellers,1893140.75,13,837,57367.9
CUST0736,Stephen Patrick,1836078.97,8,726,59228.35
CUST0737,Bryan Burton,1382400.84,7,797,69120.04
CUST0738,Alice Ross,1614523.16,8,827,52081.39
CUST0739,Kimberly Cooper,3099011.04,14,766,59596.37
CUST0740,Susan Bradshaw,1699998.07,10,955,53124.94
CUST0741,Ann Myers,1516172.3,9,729,58314.32
CUST0742,James Whitaker,2859350.14,15,805,59569.79
CUST0743,Lisa Alvarez,3012085.91,16,911,65480.13
CUST0744,Brittany Kennedy,1926026.44,11,743,55029.33
CUST0745,Ronnie Brown,2480185.38,13,947,67032.04
CUST0746,Wayne Torres,1311257.19,9,778,50432.97
CUST0747,Adam Morgan,1798866.78,10,861,51396.19
CUST0748,Shane Walsh,1144834.29,5,1015,71552.14
CUST0749,Adrian Torres,1051494.32,5,830,75106.74
CUST0750,Timothy Flores,1507517.35,10,1068,45682.34
CUST0751,Deanna Thompson,2399897.04,13,746,58534.07
CUST0752,Diane Richards,2038624.73,12,926,55097.97
CUST0753,Julia Snyder,1364705.19,8,1087,54588.21
CUST0754,Fernando Rivera,2614316.08,13,1078,65357.9
CUST0755,Krystal Roy,1269221.83,8,997,60439.13
CUST0756,Andre Spence,1928145.93,10,786,66487.79
CUST0757,Sara Mcmahon,2695249.33,12,852,70927.61
CUST0758,Edward Clark,1044674.25,6,849,54982.86
CUST0759,Julia Rice,2444422.28,13,787,71894.77
CUST0760,Craig Mitchell,1347300.04,10,816,58578.26
CUST0761,Oscar Gibbs,1457544.22,7,1033,76712.85
CUST0762,Mark Richardson,1085512.93,6,872,57132.26
CUST0763,Christine Ramos,1896776.85,9,1066,72952.96
CUST0764,Anne Tate,2495388.6,10,1035,63984.32
CUST0765,Bradley Brown,1674116.41,8,1026,66964.66
CUST0766,Zachary Burnett,1951103.07,13,812,57385.38
CUST0767,Lisa Roberts,1660217.35,9,923,61489.53
CUST0768,James Hoffman,1935685.12,9,766,69131.61
CUST0769,Antonio Whitney,1813297.53,8,877,64760.63
CUST0770,Aaron Wright,1739156.44,10,1011,82816.97
CUST0771,Patrick Hawkins,1990171.55,13,792,62192.86
CUST0772,Haley Robertson,1192952.36,8,770,44183.42
CUST0773,Mary Guerrero,978926.23,8,740,51522.43
CUST0774,Mary Gordon,1432310.65,10,867,51153.95
CUST0775,Sarah Ryan,1561863.84,12,890,43385.11
CUST0776,Lacey Greene,2510661.16,21,1045,41158.38
CUST0777,Dawn Thompson,2011000.39,9,876,62843.76
CUST0778,Ruben Baker,1084608.69,8,878,63800.51
CUST0779,Susan Osborne,1152879.5,8,1080,50125.2
CUST0780,Brenda Sherman,1806878.25,12,964,58286.4
CUST0781,Michael Blanchard,2212043.59,13,760,56719.07
CUST0782,Cameron Black,3302813.07,17,917,57944.09
CUST0783,Mary Dean,1963870.09,9,961,63350.65
CUST0784,Brandon Martinez,1266945.38,9,925,52789.39
CUST0785,Xavier Green,1413778.04,12,1070,54376.08
CUST0786,Michelle Floyd,3096312.37,15,790,63190.05
CUST0787,Linda Johnson,1441431.14,9,729,55439.66
CUST0788,Melissa Wilson,2490634.98,14,1053,65543.03
CUST0789,Amanda Holmes,2632201.01,15,749,62671.45
CUST0790,Sarah Merritt,2285615.88,12,954,57140.4
CUST0791,Steven Bell,1457476.44,9,1070,60728.19
CUST0792,Denise Mitchell,376210.73,7,913,28939.29
CUST0793,Jamie Beck,2263568.71,11,993,59567.6
CUST0794,Paul Gamble,819082.9,7,892,45504.61
CUST0795,Michael Jackson,2190412.58,14,995,52152.68
CUST0796,Donna Sawyer,1287890.47,7,824,67783.71
CUST0797,Lisa Hensley,1275258.74,9,1030,55446.03
CUST0798,Philip Montoya,1513146.81,8,999,58197.95
CUST0799,Alexa Murray,2584685.96,14,1065,57437.47
CUST0800,Debra Davidson,1820677.37,10,804,62781.98
CUST0801,Adam Roth,1131230.25,7,1083,66542.96
CUST0802,Jenna Padilla,1265397.03,7,946,57518.05
CUST0803,Kelly Taylor,1304257.15,9,883,56706.83
CUST0804,Anthony Pratt,1404822.11,7,746,61079.22
CUST0805,Angie Salas,2018944.37,11,910,53130.12
CUST0806,Julie Freeman,1735162.47,13,985,51034.19
CUST0807,Matthew Matthews,1081202.44,6,760,49145.57
CUST0808,Tyler Smith,2243508.87,11,744,67985.12
CUST0809,Abigail Dougherty,1741524.29,11,1066,51221.3
CUST0810,Darren Watson,1085890.59,8,909,72392.71
CUST0811,Alexis Krueger,2806106.52,13,955,65258.29
CUST0812,Katie Gutierrez,2102401.39,11,1071,72496.6
CUST0813,Cheryl Walker,471872.79,3,799,47187.28
CUST0814,Jeffery Robbins,2567995.43,13,959,62634.03
CUST0815,Brendan Ward,2430757.95,10,897,62327.13
CUST0816,Cory Miller,982988.29,7,842,54610.46
CUST0817,Leslie Gillespie,1464904.32,10,794,56342.47
CUST0818,Michelle Arias,715773.54,8,813,47718.24
CUST0819,Karen Jones,2906461.87,16,1071,55893.5
CUST0820,Courtney Browning,1422509.63,9,1076,54711.91
CUST0821,Alexander Smith,1258479.64,9,810,50339.19
CUST0822,Kristopher Hale,972983.84,6,967,48649.19
CUST0823,Justin Stevens,2716553.17,12,839,82319.79
CUST0824,John Walsh,1308405.94,9,740,48459.48
CUST0825,Karen Ferrell,1273740.07,8,926,67038.95
CUST0826,Donald Wood,1707933.45,12,1018,47442.6
CUST0827,Corey Pope,1998209.32,14,893,52584.46
CUST0828,Andrea Miller,1508906.1,16,876,52031.24
CUST0829,Regina Mendoza,1948849.34,10,850,55681.41
CUST0830,Elaine Moore,1411284.51,7,1074,70564.23
CUST0831,Heather Robinson,1258114.79,7,744,57187.04
CUST0832,Evelyn Summers,804576.4,5,927,57469.74
CUST0833,Brandi Sosa,3124689.41,14,724,69437.54
CUST0834,Michael Grant,1943347.82,13,972,55524.22
CUST0835,Gail Jacobs,1304799.21,7,920,62133.3
CUST0836,Javier Jenkins,1789166.37,11,801,59638.88
CUST0837,Larry Hoover,1428246.53,9,1001,54932.56
CUST0838,Lisa Allen,2240973.88,11,808,64027.83
CUST0839,Samuel Elliott,845872.89,4,881,52867.06
CUST0840,Christopher Peterson,1768167.51,10,1035,70726.7
CUST0841,Vanessa Baker,1151245.97,9,1003,52329.36
CUST0842,Amanda Parks,2048033.3,13,1028,48762.7
CUST0843,Joshua Kemp,1489128.72,8,737,64744.73
CUST0844,Russell Fleming,2706709.06,12,962,71229.19
CUST0845,Melissa Thompson,1841451.29,12,736,59401.65
CUST0846,Michael Fletcher,654903.77,4,1030,54575.31
CUST0847,Carrie Thompson,709241.13,8,1053,35462.06
CUST0848,Jacob Lawson,1549572.83,10,755,57391.59
CUST0849,Kathleen Ferguson,1216630.44,8,1029,57934.78
CUST0850,Jennifer Ortega,1415593.06,9,753,61547.52
CUST0851,Amanda Nelson,1894916.51,11,832,67675.59
CUST0852,Ashley Cortez,1430327.64,8,809,75280.4
CUST0853,Samantha Peterson,2098933.63,9,776,77738.28
CUST0854,Lisa Smith,887869.69,7,796,44393.48
CUST0855,Amanda Holland,2253860.6,14,918,59312.12
CUST0856,Susan Dominguez,1938488.71,8,1015,69231.74
CUST0857,Matthew Hall,1610750.93,11,1034,44743.08
CUST0858,Kevin Gardner,1715399.27,11,1080,55335.46
CUST0859,Jeffrey Gonzalez,2233018.17,11,1069,65677.01
CUST0860,Micheal Rodriguez,1050835.15,6,928,80833.47
CUST0861,Jose Santana,2016336.45,11,1001,57609.61
CUST0862,Alicia Lowe,2037388.53,10,741,55064.55
CUST0863,Michelle Gill,1382145.73,6,1085,72744.51
CUST0864,Patrick Brown,1019004.62,8,862,56611.37
CUST0865,Angela Jordan,1870527.38,8,1070,64500.94
CUST0866,Maria Moore,903040.2,5,785,47528.43
CUST0867,Jean Thomas,1274669.46,11,1000,53111.23
CUST0868,Lisa Lynch,1931071.39,9,866,71521.16
CUST0869,Andrew Gonzalez,1655087.07,8,992,59110.25
CUST0870,Brian David,972264.13,6,1053,54014.67
CUST0871,Laura Carter,454841.06,3,1069,41349.19
CUST0872,Amanda Knapp,1709241.49,10,992,71218.4
CUST0873,Ashley Shepard,2943203.53,18,912,49053.39
CUST0874,Barry Soto,2516840.98,15,938,55929.8
CUST0875,Hunter Smith,1364251.11,8,748,56843.8
CUST0876,William Carpenter,1765365.39,12,896,46456.98
CUST0877,Ronald Barrett,2917730.52,14,744,78857.58
CUST0878,Lisa Anderson,2052994.72,12,994,58656.99
CUST0879,Ricky Serrano,1746311.41,10,866,47197.61
CUST0880,Lori Miller,2715229.57,12,741,69621.27
CUST0881,Mark Hawkins,1496460.7,8,841,68020.94
CUST0882,Lance Mcgee,1751537.65,12,1025,60397.85
CUST0883,Jessica Pace,2170392.54,12,889,58659.26
CUST0884,Brian Golden,2635961.06,13,1087,57303.5
CUST0885,Joseph Mercado,1155716.49,6,881,57785.82
CUST0886,Ryan Sanchez,2447156.19,14,1048,62747.59
CUST0887,Daniel Dudley,1290849.62,8,802,58674.98
CUST0888,Stephanie Olson,3047062.35,11,1043,89619.48
CUST0889,Tara Barnes,1965639.14,14,963,50401.0
CUST0890,Ariana Farley,2056428.24,12,1064,50156.79
CUST0891,Andrew Smith,1560136.83,9,929,53797.82
CUST0892,Sherry Cooper,1911557.26,13,831,50304.14
CUST0893,David Clay,2262165.49,11,881,70692.67
CUST0894,Jeffrey Hawkins,1684229.19,8,1030,64778.05
CUST0895,Aaron Williams,2085317.87,13,914,63191.45
CUST0896,David Kennedy,2236765.54,10,991,60453.12
CUST0897,Phillip Hill,1480251.82,7,1035,59210.07
CUST0898,Sheila White,1464378.79,8,855,66562.67
CUST0899,Amanda Edwards,2790192.78,13,730,73426.13
CUST0900,Eric Barton,1879414.19,8,898,75176.57
CUST0901,Brian Hendricks,1177115.75,9,765,61953.46
CUST0902,Jacqueline Whitney,1791382.87,10,883,54284.33
CUST0903,Haley Allen,1634463.94,8,966,62864.0
CUST0904,Kevin Murphy,1926577.72,11,917,68806.35
CUST0905,Brianna Brown,1506545.7,12,1045,57944.07
CUST0906,Jeremy Smith,1922169.99,9,937,68648.93
CUST0907,Zachary Harvey,1404240.73,7,1019,58510.03
CUST0908,Steven Ryan,1431233.08,6,729,57249.32
CUST0909,Ronald Hodges,2203726.47,14,787,52469.68
CUST0910,Christopher Landry,1631269.0,9,1003,58259.61
CUST0911,William Potter,2158330.73,14,969,55341.81
CUST0912,David Cummings,2135818.66,13,811,54764.58
CUST0913,Sarah Pope,1341123.19,10,951,51581.66
CUST0914,Adrian Cook,1965855.83,11,782,54607.11
CUST0915,Sue Austin,2147319.28,10,886,69268.36
CUST0916,Lisa Vega,1956938.0,9,1036,67480.62
CUST0917,Douglas Barnes,2234974.52,12,926,58815.12
CUST0918,Glenn Wagner,2543768.92,12,782,66941.29
CUST0919,Jennifer Calderon,2587199.1,14,793,56243.46
CUST0920,Jesse Smith,2141035.95,12,783,49791.53
CUST0921,Diana Jackson,1736336.53,9,869,59873.67
CUST0922,John Pierce,2636198.73,12,1009,64297.53
CUST0923,Megan Leon,1372714.81,10,821,65367.37
CUST0924,Edward Ross,1278765.3,7,930,71042.52
CUST0925,Lawrence Brown,2098400.58,10,1026,59954.3
CUST0926,Blake Hicks,1388231.91,9,904,66106.28
CUST0927,Brian Good,1878303.02,12,795,44721.5
CUST0928,Joseph Harmon,961058.94,7,854,43684.5
CUST0929,Dennis Gould,1262253.01,6,776,57375.14
CUST0930,Jacqueline Oconnor,1124257.68,5,918,70266.11
CUST0931,Kelly Mathis,1307060.02,6,914,56828.7
CUST0932,Tammy Ortiz,2727650.71,13,1088,59296.75
CUST0933,John Carter,2996054.98,19,863,61143.98
CUST0934,Dominic Simpson,908195.73,7,757,43247.42
CUST0935,John Williams,2109073.68,11,960,68034.63
CUST0936,Edward Smith,1628094.69,10,978,56141.2
CUST0937,Eddie Brown,612046.33,6,743,47080.49
CUST0938,Vincent Jones,855836.33,7,789,61131.17
CUST0939,Ana Parks,1584348.3,9,923,66014.51
CUST0940,Anna Boyd,1136414.0,9,895,56820.7
CUST0941,Stephanie Ingram,2266829.96,14,997,53972.14
CUST0942,Kyle Bruce,710156.22,5,815,54627.4
CUST0943,Melissa Hill,1918531.03,10,1074,59954.09
CUST0944,Kevin Cunningham,3063654.05,13,761,71247.77
CUST0945,Michael Andrews,2659180.66,15,992,57808.28
CUST0946,Jeremiah Byrd,2767887.52,14,752,60171.47
CUST0947,Hunter Martin,1051469.04,7,769,52573.45
CUST0948,Jessica Brennan,2657938.53,12,1054,66448.46
CUST0949,Kenneth Zuniga,3756502.01,17,863,72240.42
CUST0950,Mark Diaz,2041884.59,13,786,53733.81
CUST0951,Jeremy Rodriguez,2662049.31,14,788,64928.03
CUST0952,Billy Johns,1111284.64,6,829,55564.23
CUST0953,Nancy Maynard,1913214.73,9,937,65972.92
CUST0954,Samuel Vaughn,1048002.77,6,1004,69866.85
CUST0955,Alexandra Scott,1511595.5,10,1085,58138.29
CUST0956,Lisa Jones,1388847.18,9,999,53417.2
CUST0957,Clarence Nguyen,1187673.12,9,876,40954.25
CUST0958,Dennis Vargas,2255369.31,12,794,60955.93
CUST0959,Steven Thomas,1077259.88,5,830,71817.33
CUST0960,Tiffany Moreno,2068344.9,10,741,66720.8
CUST0961,Wendy West,1512637.03,9,854,58178.35
CUST0962,Jennifer Huff,1979648.7,8,782,86071.68
CUST0963,James Barnes,1869379.46,10,990,50523.77
CUST0964,Janet Johnson,487250.24,5,836,54138.92
CUST0965,Daniel Martin,2291521.38,7,861,79017.98
CUST0966,Julie Cooley,767870.34,6,908,47991.9
CUST0967,Sandra Griffin,2010046.05,8,1026,64840.2
CUST0968,Ruth Smith,452012.93,4,909,50223.66
CUST0969,Michelle Moore,2554665.4,14,768,55536.2
CUST0970,Deanna Kelly,2541292.48,13,760,54070.05
CUST0971,Jennifer Garcia,1526748.87,8,953,58721.11
CUST0972,Susan Sanchez,3100474.85,13,846,65967.55
CUST0973,Nancy Phillips,2850241.1,16,796,73083.11
CUST0974,Sean Cook,1270865.71,11,981,45388.06
CUST0975,Ian Hampton,2610948.92,14,924,51195.08
CUST0976,Melissa Soto,1856958.79,9,749,64033.06
CUST0977,Janet Brown,2818678.71,11,900,68748.26
CUST0978,Catherine Martinez,2061148.4,9,897,73612.44
CUST0979,James Clark,2506368.89,13,803,65957.08
CUST0980,Teresa Flores,2082693.3,12,1057,59505.52
CUST0981,Isaiah Bell,2686835.57,13,781,68893.22
CUST0982,Karl Berry,2339488.12,13,1017,61565.48
CUST0983,Jennifer Mendez,2471969.58,13,1055,58856.42
CUST0984,Brandon Hanna,2045412.48,12,1083,56817.01
CUST0985,Joseph Davis,1502517.89,11,972,62604.91
CUST0986,Michael Yoder,1631802.37,7,846,62761.63
CUST0987,Thomas Garrison,3197803.64,16,985,62702.03
CUST0988,Jeffery Reed,1228466.64,5,979,64656.14
CUST0989,Jessica Adams,2329714.1,11,964,58242.85
CUST0990,Jeffrey Ferguson,1798998.22,8,1057,69192.24
CUST0991,Jonathan Gutierrez,1736851.61,8,904,62030.41
CUST0992,Kimberly Parker,1180161.14,8,859,45390.81
CUST0993,Deanna Wade,2606430.57,13,789,60614.66
CUST0994,Mark Shaw,1473037.79,10,761,47517.35
CUST0995,Heather Brown,2048434.11,11,792,60248.06
CUST0996,Paula Smith,2472820.8,13,1053,53756.97
CUST0997,Rodney Rivas,1347119.56,8,979,53884.78
CUST0998,Anthony James,2570174.18,16,773,55873.35
CUST0999,Jenny Rodriguez,1300201.96,8,961,61914.38
CUST1000,Thomas Giles,1502541.36,10,1030,50084.71
